FullBath,2ndFlrSF
0,21.333333333333332
1,169.4953846153846
2,466.3776041666667
3,1153.5454545454545
