FullBath,MSSubClass
0,64.44444444444444
1,49.98461538461538
2,62.506510416666664
3,60.45454545454545
