FullBath,YearBuilt
0,1970.0
1,1954.2153846153847
2,1985.375
3,1979.1818181818182
