FullBath,1stFlrSF
0,1162.0
1,1003.9723076923077
2,1277.1979166666667
3,1621.4242424242425
