FullBath,LotArea
0,14883.444444444445
1,9187.786153846153
2,11296.43359375
3,17360.484848484848
