FullBath,OverallQual
0,5.0
1,5.272307692307693
2,6.740885416666667
3,7.757575757575758
