FullBath,GarageYrBlt
0,1977.125
1,1964.0521885521885
2,1989.4571045576408
3,1992.2903225806451
