FullBath,Id
0,713.1111111111111
1,726.2384615384616
2,735.859375
3,694.4545454545455
