FullBath,HalfBath
0,1.0
1,0.28923076923076924
2,0.4479166666666667
3,0.5454545454545454
