FullBath,GarageCars
0,1.7777777777777777
1,1.3646153846153846
2,2.0807291666666665
3,2.393939393939394
