FullBath,GrLivArea.1
0,1183.3333333333333
1,1179.956923076923
2,1748.5703125
3,2789.4848484848485
