FullBath,OverallCond
0,4.777777777777778
1,5.876923076923077
2,5.319010416666667
3,5.818181818181818
