GarageCars,OverallCond
0,5.530864197530864
1,5.964769647696477
2,5.510922330097087
3,5.104972375690608
4,5.2
