GarageFinish,GarageCars
Fin,2.21875
RFn,2.0118483412322274
Unf,1.5702479338842976
