GarageFinish,FullBath
Fin,1.8409090909090908
RFn,1.7488151658767772
Unf,1.3107438016528925
