GarageFinish,Id
Fin,734.7840909090909
RFn,736.8317535545024
Unf,726.7355371900826
