GarageCars,MSSubClass
0,71.79012345679013
1,50.230352303523034
2,60.93446601941748
3,44.47513812154696
4,92.0
