GarageType,GarageCars
2Types,3.0
Attchd,1.964367816091954
Basment,1.5789473684210527
BuiltIn,2.25
CarPort,1.6666666666666667
Detchd,1.5762273901808785
