GarageFinish,HalfBath
Fin,0.5426136363636364
RFn,0.44786729857819907
Unf,0.2743801652892562
