GarageCars,FullBath
0,1.308641975308642
1,1.1300813008130082
2,1.6868932038834952
3,2.016574585635359
4,1.4
