GarageCars,HalfBath
0,0.16049382716049382
1,0.22493224932249323
2,0.44538834951456313
3,0.5138121546961326
4,0.6
