GarageCars,2ndFlrSF
0,237.4814814814815
1,247.17073170731706
2,363.5206310679612
3,519.3922651933701
4,523.2
