GarageType,GarageYrBlt
2Types,1965.6666666666667
Attchd,1984.2758620689656
Basment,1962.4736842105262
BuiltIn,1996.8295454545455
CarPort,1960.111111111111
Detchd,1962.7829457364342
