GarageType,2ndFlrSF
2Types,280.0
Attchd,300.7919540229885
Basment,199.78947368421052
BuiltIn,994.9772727272727
CarPort,226.55555555555554
Detchd,337.49612403100775
