GarageFinish,MSSubClass
Fin,57.8125
RFn,53.90995260663507
Unf,56.45454545454545
