GarageType,HalfBath
2Types,0.3333333333333333
Attchd,0.41379310344827586
Basment,0.10526315789473684
BuiltIn,0.875
CarPort,0.4444444444444444
Detchd,0.26098191214470284
