GarageType,1stFlrSF
2Types,1383.6666666666667
Attchd,1274.9252873563219
Basment,1347.2105263157894
BuiltIn,1108.3068181818182
CarPort,1130.4444444444443
Detchd,962.4625322997416
