GarageCars,Id
0,707.0123456790124
1,725.2005420054201
2,734.627427184466
3,725.292817679558
4,1010.4
