GarageType,LotArea
2Types,17251.5
Attchd,11526.172413793103
Basment,10433.78947368421
BuiltIn,11996.306818181818
CarPort,11674.333333333334
Detchd,8421.860465116279
