GarageFinish,2ndFlrSF
Fin,452.30397727272725
RFn,341.08530805687207
Unf,304.502479338843
