GarageFinish,LotArea
Fin,12334.292613636364
RFn,10743.758293838862
Unf,9709.071074380165
