GarageFinish,GrLivArea.1
Fin,1781.0142045454545
RFn,1582.2582938388625
Unf,1358.193388429752
