GarageCars,GrLivArea.1
0,1188.148148148148
1,1221.1571815718157
2,1552.5533980582525
3,2084.6077348066297
4,1822.4
