GarageType,OverallQual
2Types,5.0
Attchd,6.506896551724138
Basment,5.7894736842105265
BuiltIn,7.181818181818182
CarPort,4.333333333333333
Detchd,5.322997416020672
