GarageType,MSSubClass
2Types,80.0
Attchd,51.52298850574713
Basment,72.10526315789474
BuiltIn,69.82954545454545
CarPort,77.77777777777777
Detchd,61.33074935400517
