GarageCars,GarageYrBlt
0,
1,1954.9322493224931
2,1984.2657766990292
3,2000.4972375690609
4,1973.0
