GarageCars,LotArea
0,7469.679012345679
1,8636.68563685637
2,11076.458737864077
3,13063.127071823204
4,14232.0
