GarageCars,YearBuilt
0,1942.4814814814815
1,1948.2439024390244
2,1978.7876213592233
3,1997.2872928176796
4,1955.6
