GarageType,YearBuilt
2Types,1953.1666666666667
Attchd,1983.009195402299
Basment,1959.842105263158
BuiltIn,1995.2954545454545
CarPort,1949.6666666666667
Detchd,1946.7777777777778
