GarageFinish,OverallQual
Fin,7.068181818181818
RFn,6.57345971563981
Unf,5.404958677685951
