GarageFinish,1stFlrSF
Fin,1326.4914772727273
RFn,1240.6042654028436
Unf,1045.9537190082644
