GarageCars,OverallQual
0,4.604938271604938
1,5.1897018970189706
2,6.25121359223301
3,7.9502762430939224
4,5.4
