GarageCars,1stFlrSF
0,915.716049382716
1,968.8211382113822
2,1185.120145631068
3,1562.0552486187846
4,1299.2
