GarageType,FullBath
2Types,1.6666666666666667
Attchd,1.6701149425287356
Basment,1.4210526315789473
BuiltIn,2.0681818181818183
CarPort,1.3333333333333333
Detchd,1.2790697674418605
