GarageType,OverallCond
2Types,4.666666666666667
Attchd,5.471264367816092
Basment,5.421052631578948
BuiltIn,5.295454545454546
CarPort,5.111111111111111
Detchd,5.9147286821705425
