GarageFinish,OverallCond
Fin,5.3125
RFn,5.4170616113744074
Unf,5.844628099173554
