GarageFinish,GarageYrBlt
Fin,1993.7670454545455
RFn,1987.4810426540284
Unf,1963.3669421487602
