GarageType,GrLivArea.1
2Types,1663.6666666666667
Attchd,1576.0448275862068
Basment,1567.8947368421052
BuiltIn,2103.284090909091
CarPort,1357.0
Detchd,1312.9302325581396
