GarageFinish,YearBuilt
Fin,1992.3323863636363
RFn,1986.1469194312797
Unf,1952.4876033057851
