GarageType,Id
2Types,705.8333333333334
Attchd,731.8965517241379
Basment,882.8947368421053
BuiltIn,704.5568181818181
CarPort,637.0
Detchd,733.2506459948321
