HalfBath,Id
0,730.5366922234392
1,726.4523364485981
2,908.1666666666666
