HalfBath,OverallCond
0,5.625410733844469
1,5.497196261682243
2,5.25
