HalfBath,FullBath
0,1.4994523548740417
1,1.685981308411215
2,1.1666666666666667
