HalfBath,GrLivArea
0,1344.4895947426069
1,1799.385046728972
2,1865.5833333333333
