HalfBath,YearBuilt
0,1965.3384446878422
1,1981.4542056074765
2,1968.25
