HalfBath,1stFlrSF
0,1199.5596933187294
1,1100.1476635514018
2,1138.1666666666667
