HalfBath,OverallQual
0,5.787513691128149
1,6.644859813084112
2,5.5
