HalfBath,GarageYrBlt
0,1974.4726840855108
1,1985.0
2,1974.888888888889
