HalfBath,2ndFlrSF
0,138.10405257393208
1,694.9364485981308
2,727.4166666666666
