HalfBath,MSSubClass
0,51.204819277108435
1,66.03738317757009
2,82.5
