HalfBath,LotArea
0,10405.466593647316
1,10701.72336448598
2,10746.333333333334
