HalfBath,GarageCars
0,1.6352683461117197
1,1.9925233644859812
2,1.75
