MSSubClass,OverallCond
20,5.550373134328358
30,5.753623188405797
40,6.5
45,6.166666666666667
50,6.013888888888889
60,5.297658862876254
70,6.633333333333334
75,6.25
80,5.896551724137931
85,6.1
90,4.923076923076923
120,5.045977011494253
160,5.222222222222222
180,5.8
190,5.8
