MSSubClass,2ndFlrSF
20,1.671641791044776
30,0.0
40,164.75
45,0.0
50,537.8194444444445
60,937.7926421404683
70,820.0166666666667
75,989.4375
80,190.56896551724137
85,71.35
90,241.69230769230768
120,0.0
160,655.5079365079365
180,46.2
190,512.3
