MSSubClass,YearBuilt
20,1977.9608208955224
30,1926.6376811594203
40,1946.0
45,1934.5833333333333
50,1935.8333333333333
60,1994.494983277592
70,1918.8333333333333
75,1912.625
80,1974.2758620689656
85,1975.45
90,1967.173076923077
120,1999.0114942528735
160,1987.2698412698412
180,1981.2
190,1928.2333333333333
