MSSubClass,LotArea
20,11755.509328358208
30,7888.492753623188
40,12559.75
45,6949.0
50,10479.145833333334
60,12058.076923076924
70,10120.166666666666
75,11631.75
80,10895.48275862069
85,9317.45
90,9720.057692307691
120,5383.954022988506
160,2699.3333333333335
180,2247.4
190,16111.233333333334
