MSSubClass,FullBath
20,1.462686567164179
30,1.0144927536231885
40,1.0
45,1.0
50,1.3472222222222223
60,1.9966555183946488
70,1.3833333333333333
75,1.75
80,1.4827586206896552
85,1.25
90,1.8076923076923077
120,1.6666666666666667
160,1.6666666666666667
180,1.1
190,1.5666666666666667
