MSSubClass,GarageCars
20,1.8246268656716418
30,1.0
40,1.25
45,1.1666666666666667
50,1.2777777777777777
60,2.2274247491638794
70,1.5
75,1.5625
80,1.7413793103448276
85,1.8
90,1.6730769230769231
120,2.0344827586206895
160,1.6349206349206349
180,0.9
190,1.2
