MSSubClass,GarageYrBlt
20,1980.2437619961613
30,1948.0
40,1960.5
45,1948.111111111111
50,1955.557251908397
60,1994.7056856187291
70,1943.5087719298247
75,1950.2857142857142
80,1975.4827586206898
85,1980.65
90,1971.875
120,1999.0919540229886
160,1988.4262295081967
180,1988.0
190,1954.3809523809523
