MSSubClass,GrLivArea.1
20,1347.9682835820895
30,908.8985507246376
40,1335.75
45,876.75
50,1554.6458333333333
60,2017.14381270903
70,1802.45
75,2296.875
80,1393.3620689655172
85,1041.75
90,1567.3076923076924
120,1320.551724137931
160,1366.7460317460318
180,798.4
190,1582.3
