MSSubClass,1stFlrSF
20,1346.2966417910447
30,903.6811594202899
40,1074.0
45,876.75
50,992.375
60,1079.1739130434783
70,972.6166666666667
75,1142.875
80,1202.7931034482758
85,970.4
90,1325.6153846153845
120,1320.551724137931
160,707.4285714285714
180,752.2
190,1045.0333333333333
