MSSubClass,HalfBath
20,0.15485074626865672
30,0.014492753623188406
40,0.25
45,0.0
50,0.3263888888888889
60,0.9832775919732442
70,0.43333333333333335
75,0.375
80,0.29310344827586204
85,0.0
90,0.2692307692307692
120,0.16091954022988506
160,0.8571428571428571
180,0.0
190,0.06666666666666667
