MSSubClass,Id
20,723.9981343283582
30,747.8260869565217
40,725.0
45,422.0
50,751.1944444444445
60,708.8829431438127
70,771.4666666666667
75,604.875
80,792.1551724137931
85,828.2
90,792.2884615384615
120,739.5057471264367
160,745.7301587301587
180,798.0
190,660.1
