MSSubClass,OverallQual
20,6.0335820895522385
30,4.507246376811594
40,5.75
45,5.5
50,5.402777777777778
60,7.0602006688963215
70,6.116666666666666
75,6.625
80,5.9655172413793105
85,5.45
90,4.961538461538462
120,7.057471264367816
160,6.142857142857143
180,4.6
190,4.966666666666667
