MSZoning,Id
C (all),605.2
FV,707.0307692307692
RH,860.4375
RL,737.2771503040834
RM,697.9266055045872
