MSZoning,2ndFlrSF
C (all),288.7
FV,579.1692307692308
RH,459.75
RL,324.55256298870546
RM,390.64220183486236
