MSZoning,MSSubClass
C (all),56.0
FV,90.46153846153847
RH,80.3125
RL,49.37445699391833
RM,84.93119266055047
