MSZoning,FullBath
C (all),1.0
FV,2.0
RH,1.5
RL,1.6003475238922675
RM,1.2798165137614679
