MSZoning,1stFlrSF
C (all),851.4
FV,991.6769230769231
RH,1018.1875
RL,1223.6446568201563
RM,916.3119266055046
