MSZoning,GarageCars
C (all),1.3
FV,2.123076923076923
RH,1.125
RL,1.8349261511728931
RM,1.371559633027523
