MSZoning,YearBuilt
C (all),1924.1
FV,2004.5076923076922
RH,1945.6875
RL,1975.4613379669852
RM,1943.2568807339449
