MSZoning,OverallCond
C (all),4.6
FV,5.030769230769231
RH,5.5625
RL,5.535186794092094
RM,5.995412844036697
