MSZoning,HalfBath
C (all),0.1
FV,0.7230769230769231
RH,0.0625
RL,0.3979148566463944
RM,0.23853211009174313
