MSZoning,GarageYrBlt
C (all),1957.75
FV,2004.5692307692307
RH,1962.0833333333333
RL,1980.1698455949138
RM,1962.1191709844559
