MSZoning,LotArea
C (all),9501.3
FV,6638.861538461539
RH,7380.0625
RL,11571.814074717637
RM,6379.775229357798
