MSZoning,GrLivArea.1
C (all),1191.4
FV,1574.5384615384614
RH,1510.125
RL,1551.645525629887
RM,1322.073394495413
