MSZoning,OverallQual
C (all),3.9
FV,7.2
RH,5.25
RL,6.190269331016507
RM,5.454128440366972
