OverallQual,YearBuilt
1,1934.0
2,1935.0
3,1932.7
4,1948.2844827586207
5,1954.7329974811082
6,1967.6363636363637
7,1988.269592476489
8,1996.8214285714287
9,2005.1162790697674
10,1991.888888888889
