OverallQual,GarageCars
1,0.0
2,0.6666666666666666
3,1.2
4,1.1637931034482758
5,1.3677581863979849
6,1.6898395721925135
7,2.06269592476489
8,2.4583333333333335
9,2.813953488372093
10,2.888888888888889
