OverallQual,2ndFlrSF
1,0.0
2,0.0
3,142.1
4,162.4051724137931
5,179.53400503778337
6,372.46256684491976
7,515.3291536050157
8,481.2916666666667
9,336.13953488372096
10,813.9444444444445
