OverallQual,OverallCond
1,2.0
2,3.6666666666666665
3,4.6
4,5.336206896551724
5,5.8740554156171285
6,5.7994652406417115
7,5.4043887147335425
8,5.226190476190476
9,4.930232558139535
10,5.5
