OverallCond,Id
1,376.0
2,359.0
3,796.92
4,776.9122807017544
5,726.0974421437271
6,727.6984126984127
7,730.4829268292683
8,738.8333333333334
9,804.5909090909091
