OverallQual,GarageYrBlt
1,
2,1944.0
3,1955.2857142857142
4,1963.388888888889
5,1964.145205479452
6,1973.132596685083
7,1991.2389937106918
8,1998.2694610778442
9,2005.3023255813953
10,2002.9444444444443
