OverallCond,LotArea
1,10020.0
2,8756.2
3,9631.84
4,10941.070175438597
5,10610.261875761267
6,10326.527777777777
7,10743.09268292683
8,9308.986111111111
9,11383.636363636364
