OverallQual,LotArea
1,7510.0
2,7840.0
3,8358.55
4,8917.98275862069
5,10153.352644836272
6,10026.64973262032
7,11075.799373040752
8,11103.839285714286
9,13424.186046511628
10,19869.944444444445
