OverallQual,FullBath
1,0.5
2,0.6666666666666666
3,1.3
4,1.1810344827586208
5,1.2267002518891688
6,1.5240641711229947
7,1.8934169278996866
8,1.9583333333333333
9,2.0232558139534884
10,2.3333333333333335
