OverallQual,1stFlrSF
1,619.0
2,572.6666666666666
3,951.4
4,937.0172413793103
5,1063.566750629723
6,1087.1631016042782
7,1186.5078369905957
8,1462.767857142857
9,1741.3720930232557
10,2155.6666666666665
