OverallCond,HalfBath
1,1.0
2,0.2
3,0.16
4,0.2807017543859649
5,0.4397076735688185
6,0.3492063492063492
7,0.28292682926829266
8,0.2916666666666667
9,0.4090909090909091
