OverallQual,MSSubClass
1,25.0
2,26.666666666666668
3,50.0
4,58.75
5,48.778337531486144
6,64.10427807486631
7,61.5987460815047
8,55.267857142857146
9,46.97674418604651
10,46.111111111111114
