OverallCond,GrLivArea
1,904.0
2,1507.8
3,1293.64
4,1469.298245614035
5,1598.3580998781972
6,1390.376984126984
7,1400.6097560975609
8,1362.763888888889
9,1826.0
