OverallCond,1stFlrSF
1,904.0
2,1269.4
3,1111.68
4,1135.421052631579
5,1225.2679658952497
6,1092.9325396825398
7,1072.4780487804878
8,998.3611111111111
9,1116.7727272727273
