OverallQual,Id
1,455.0
2,885.0
3,819.55
4,758.4224137931035
5,736.3224181360201
6,728.0374331550802
7,719.4514106583072
8,727.9583333333334
9,661.5348837209302
10,763.5
