OverallCond,YearBuilt
1,1922.0
2,1937.0
3,1948.32
4,1943.5438596491229
5,1987.557856272838
6,1956.702380952381
7,1949.1073170731706
8,1943.138888888889
9,1936.6818181818182
