OverallCond,FullBath
1,0.0
2,1.2
3,1.28
4,1.3508771929824561
5,1.7429963459196103
6,1.3571428571428572
7,1.302439024390244
8,1.3333333333333333
9,1.5454545454545454
