OverallCond,2ndFlrSF
1,0.0
2,135.8
3,166.08
4,327.0
5,370.3215590742996
6,289.2420634920635
7,320.00975609756097
8,355.31944444444446
9,683.2272727272727
