OverallCond,GarageYrBlt
1,
2,1950.0
3,1960.6315789473683
4,1960.0196078431372
5,1989.8488664987406
6,1965.295358649789
7,1962.096256684492
8,1960.6176470588234
9,1967.4
