OverallQual,GrLivArea
1,619.0
2,572.6666666666666
3,1119.15
4,1106.6724137931035
5,1250.7481108312343
6,1465.874331550802
7,1703.833855799373
8,1947.6130952380952
9,2077.5116279069766
10,3001.3888888888887
