OverallCond,OverallQual
1,1.0
2,4.8
3,4.48
4,4.701754385964913
5,6.595615103532277
6,5.51984126984127
7,5.546341463414634
8,5.666666666666667
9,6.7727272727272725
