OverallCond,MSSubClass
1,30.0
2,40.0
3,43.2
4,71.49122807017544
5,59.95736906211937
6,51.07142857142857
7,50.46341463414634
8,53.68055555555556
9,62.72727272727273
