OverallQual,HalfBath
1,0.5
2,0.0
3,0.05
4,0.1206896551724138
5,0.22670025188916876
6,0.43315508021390375
7,0.5360501567398119
8,0.5119047619047619
9,0.46511627906976744
10,0.7777777777777778
