OverallCond,GarageCars
1,0.0
2,1.4
3,1.16
4,1.4210526315789473
5,2.0158343483556638
6,1.492063492063492
7,1.424390243902439
8,1.4027777777777777
9,1.7727272727272727
